tag,stemtag,sp,quadrat,survey.ID,exactdate,measure,crown.condition,crown.illum,codes,notes,field.recorders,data.enter,location,area
10469,1,litu,109,2013.16,10/29/2013,159.04,,,,,"Erika, Mike, Amy, Greg","Erika, Mike, Amy, Greg",,
10587,1,litu,113,2013.16,10/29/2013,91.91,,,,,"Erika, Mike, Amy, Greg","Erika, Mike, Amy, Greg",,
10609,1,cagl,111,2013.16,10/29/2013,40.68,,,,,"Erika, Mike, Amy, Greg","Erika, Mike, Amy, Greg",,
10671,1,quru,114,2013.16,10/29/2013,45.58,,,,,"Erika, Mike, Amy, Greg","Erika, Mike, Amy, Greg",,
12025,1,quru,117,2013.16,10/29/2013,59.98,,,,,"Erika, Mike, Amy, Greg","Erika, Mike, Amy, Greg",,
12101,1,quru,120,2013.16,10/29/2013,NA,,,,,"Erika, Mike, Amy, Greg","Erika, Mike, Amy, Greg",,
12259,1,litu,125,2013.16,10/29/2013,22.38,,,,,"Erika, Mike, Amy, Greg","Erika, Mike, Amy, Greg",,
12270,1,tiam,125,2013.16,10/29/2013,70.62,,,,,"Erika, Mike, Amy, Greg","Erika, Mike, Amy, Greg",,
12308,1,caca,126,2013.16,10/29/2013,32.17,,,,,"Erika, Mike, Amy, Greg","Erika, Mike, Amy, Greg",,
12508,1,litu,131,2013.16,10/29/2013,78.42,,,,,"Erika, Mike, Amy, Greg","Erika, Mike, Amy, Greg",,
20432,1,fram,204,2013.16,10/29/2013,53.34,,,,,"Erika, Mike, Amy, Greg","Erika, Mike, Amy, Greg",,
20587,1,litu,208,2013.16,10/29/2013,182.93,,,,,"Erika, Mike, Amy, Greg","Erika, Mike, Amy, Greg",,
20603,1,fram,208,2013.16,10/29/2013,70.54,,,,,"Erika, Mike, Amy, Greg","Erika, Mike, Amy, Greg",,
20617,1,litu,209,2013.16,10/29/2013,92.2,,,,,"Erika, Mike, Amy, Greg","Erika, Mike, Amy, Greg",,
20712,1,litu,212,2013.16,10/29/2013,113.67,,,,,"Erika, Mike, Amy, Greg","Erika, Mike, Amy, Greg",,
22004,2,litu,217,2013.16,10/29/2013,78.24,,,,,"Erika, Mike, Amy, Greg","Erika, Mike, Amy, Greg",,
22041,1,litu,217,2013.16,10/29/2013,116.83,,,,,"Erika, Mike, Amy, Greg","Erika, Mike, Amy, Greg",,
22170,1,litu,221,2013.16,10/29/2013,39.31,,,,,"Erika, Mike, Amy, Greg","Erika, Mike, Amy, Greg",,
22333,1,fram,226,2013.16,10/29/2013,30.87,,,,,"Erika, Mike, Amy, Greg","Erika, Mike, Amy, Greg",,
30039,1,fram,302,2013.16,10/29/2013,26.94,,,,,"Erika, Mike, Amy, Greg","Erika, Mike, Amy, Greg",,
30225,1,qual,306,2013.16,10/29/2013,6.06,,,,,"Erika, Mike, Amy, Greg","Erika, Mike, Amy, Greg",,
30233,1,fagr,306,2013.16,10/29/2013,67.97,,,,,"Erika, Mike, Amy, Greg","Erika, Mike, Amy, Greg",,
30234,1,fagr,306,2013.16,10/29/2013,12.92,,,,,"Erika, Mike, Amy, Greg","Erika, Mike, Amy, Greg",,
30331,1,cagl,306,2013.16,10/29/2013,10.91,,,,,"Erika, Mike, Amy, Greg","Erika, Mike, Amy, Greg",,
30333,1,fagr,306,2013.16,10/29/2013,16.3,,,,,"Erika, Mike, Amy, Greg","Erika, Mike, Amy, Greg",,
30339,1,litu,307,2013.16,10/29/2013,12.55,,,,,"Erika, Mike, Amy, Greg","Erika, Mike, Amy, Greg",,
30339,2,litu,307,2013.16,10/29/2013,93.55,,,,,"Erika, Mike, Amy, Greg","Erika, Mike, Amy, Greg",,
30339,3,litu,307,2013.16,10/29/2013,19.66,,,,,"Erika, Mike, Amy, Greg","Erika, Mike, Amy, Greg",,
30343,1,quru,307,2013.16,10/29/2013,19.56,,,,,"Erika, Mike, Amy, Greg","Erika, Mike, Amy, Greg",,
30365,1,fram,308,2013.16,10/29/2013,110.79,,,,,"Erika, Mike, Amy, Greg","Erika, Mike, Amy, Greg",,
30462,1,litu,313,2013.16,10/29/2013,62.54,,,,,"Erika, Mike, Amy, Greg","Erika, Mike, Amy, Greg",,
30467,1,litu,314,2013.16,10/29/2013,51.03,,,,,"Erika, Mike, Amy, Greg","Erika, Mike, Amy, Greg",,
30512,1,quru,313,2013.16,10/29/2013,61.71,,,,,"Erika, Mike, Amy, Greg","Erika, Mike, Amy, Greg",,
30584,1,quve,316,2013.16,10/29/2013,106.48,,,,,"Erika, Mike, Amy, Greg","Erika, Mike, Amy, Greg",,
32084,1,litu,319,2013.16,10/29/2013,40.45,,,,,"Erika, Mike, Amy, Greg","Erika, Mike, Amy, Greg",,
32097,1,litu,320,2013.16,10/29/2013,22.97,,,,,"Erika, Mike, Amy, Greg","Erika, Mike, Amy, Greg",,
32126,1,litu,321,2013.16,10/29/2013,93.98,,,,,"Erika, Mike, Amy, Greg","Erika, Mike, Amy, Greg",,
32381,1,qupr,327,2013.16,10/29/2013,101.82,,,,,"Erika, Mike, Amy, Greg","Erika, Mike, Amy, Greg",,
32423,1,litu,329,2013.16,10/29/2013,100.57,,,,,"Erika, Mike, Amy, Greg","Erika, Mike, Amy, Greg",,
32540,1,qupr,332,2013.16,10/29/2013,63.65,,,,,"Erika, Mike, Amy, Greg","Erika, Mike, Amy, Greg",,
40562,1,fagr,406,2013.16,10/29/2013,7.09,,,,,"Erika, Mike, Amy, Greg","Erika, Mike, Amy, Greg",,
40563,1,fagr,406,2013.16,10/29/2013,22.74,,,,,"Erika, Mike, Amy, Greg","Erika, Mike, Amy, Greg",,
40564,1,fagr,406,2013.16,10/29/2013,5.07,,,,,"Erika, Mike, Amy, Greg","Erika, Mike, Amy, Greg",,
40565,1,cagl,406,2013.16,10/29/2013,11.42,,,,,"Erika, Mike, Amy, Greg","Erika, Mike, Amy, Greg",,
40566,1,cagl,406,2013.16,10/29/2013,2.05,,,,,"Erika, Mike, Amy, Greg","Erika, Mike, Amy, Greg",,
40567,1,fagr,406,2013.16,10/29/2013,6.94,,,,,"Erika, Mike, Amy, Greg","Erika, Mike, Amy, Greg",,
40568,1,fagr,406,2013.16,10/29/2013,23.2,,,,,"Erika, Mike, Amy, Greg","Erika, Mike, Amy, Greg",,
40569,1,litu,407,2013.16,10/29/2013,18.38,,,,,"Erika, Mike, Amy, Greg","Erika, Mike, Amy, Greg",,
40635,1,cato,408,2013.16,10/29/2013,26.28,,,,,"Erika, Mike, Amy, Greg","Erika, Mike, Amy, Greg",,
40875,1,qual,412,2013.16,10/29/2013,DEAD,,,,,"Erika, Mike, Amy, Greg","Erika, Mike, Amy, Greg",,
40941,1,litu,414,2013.16,10/29/2013,80.03,,,,,"Erika, Mike, Amy, Greg","Erika, Mike, Amy, Greg",,
40942,1,acru,414,2013.16,10/29/2013,47.82,,,,,"Erika, Mike, Amy, Greg","Erika, Mike, Amy, Greg",,
40972,2,litu,415,2013.16,10/29/2013,89.75,,,,,"Erika, Mike, Amy, Greg","Erika, Mike, Amy, Greg",,
42009,1,ploc,417,2013.16,10/29/2013,50.92,,,,,"Erika, Mike, Amy, Greg","Erika, Mike, Amy, Greg",,
42270,1,quru,424,2013.16,10/29/2013,DEAD,,,,,"Erika, Mike, Amy, Greg","Erika, Mike, Amy, Greg",,
42397,1,quru,428,2013.16,10/29/2013,185.57,,,,,"Erika, Mike, Amy, Greg","Erika, Mike, Amy, Greg",,
42562,1,quru,431,2013.16,10/29/2013,92.39,,,,,"Erika, Mike, Amy, Greg","Erika, Mike, Amy, Greg",,
50160,1,fram,502,2013.16,10/29/2013,110.69,,,,,"Erika, Mike, Amy, Greg","Erika, Mike, Amy, Greg",,
50288,1,quru,505,2013.16,10/29/2013,128.42,,,,,"Erika, Mike, Amy, Greg","Erika, Mike, Amy, Greg",,
50364,1,qual,507,2013.16,10/29/2013,65.43,,,,,"Erika, Mike, Amy, Greg","Erika, Mike, Amy, Greg",,
50650,1,litu,514,2013.16,10/29/2013,3.57,,,,,"Erika, Mike, Amy, Greg","Erika, Mike, Amy, Greg",,
50654,1,litu,514,2013.16,10/29/2013,19.83,,,,,"Erika, Mike, Amy, Greg","Erika, Mike, Amy, Greg",,
52087,1,quru,519,2013.16,10/29/2013,118.28,,,,,"Erika, Mike, Amy, Greg","Erika, Mike, Amy, Greg",,
52190,1,quru,522,2013.16,10/29/2013,114.85,,,,,"Erika, Mike, Amy, Greg","Erika, Mike, Amy, Greg",,
52276,1,quve,525,2013.16,10/29/2013,27.7,,,,,"Erika, Mike, Amy, Greg","Erika, Mike, Amy, Greg",,
60161,1,qupr,608,2013.16,10/29/2013,47.34,,,,,"Erika, Mike, Amy, Greg","Erika, Mike, Amy, Greg",,
60414,1,quru,611,2013.16,10/29/2013,DEAD,,,,,"Erika, Mike, Amy, Greg","Erika, Mike, Amy, Greg",,
60456,1,caca,614,2013.16,10/29/2013,6.13,,,,,"Erika, Mike, Amy, Greg","Erika, Mike, Amy, Greg",,
60457,1,caca,614,2013.16,10/29/2013,4.61,,,,,"Erika, Mike, Amy, Greg","Erika, Mike, Amy, Greg",,
60458,1,fagr,615,2013.16,10/29/2013,23.05,,,,,"Erika, Mike, Amy, Greg","Erika, Mike, Amy, Greg",,
60459,1,fagr,615,2013.16,10/29/2013,21.01,,,,,"Erika, Mike, Amy, Greg","Erika, Mike, Amy, Greg",,
60462,1,fagr,615,2013.16,10/29/2013,17.24,,,,,"Erika, Mike, Amy, Greg","Erika, Mike, Amy, Greg",,
60463,1,juni,615,2013.16,10/29/2013,12.55,,,,,"Erika, Mike, Amy, Greg","Erika, Mike, Amy, Greg",,
60468,1,caca,615,2013.16,10/29/2013,7.31,,,,,"Erika, Mike, Amy, Greg","Erika, Mike, Amy, Greg",,
60469,1,cofl,615,2013.16,10/29/2013,3.69,,,,,"Erika, Mike, Amy, Greg","Erika, Mike, Amy, Greg",,
60562,1,fagr,614,2013.16,10/29/2013,12.57,,,,,"Erika, Mike, Amy, Greg","Erika, Mike, Amy, Greg",,
60563,1,caca,614,2013.16,10/29/2013,10.58,,,,,"Erika, Mike, Amy, Greg","Erika, Mike, Amy, Greg",,
60566,1,fagr,614,2013.16,10/29/2013,17.04,,,,,"Erika, Mike, Amy, Greg","Erika, Mike, Amy, Greg",,
60567,1,litu,614,2013.16,10/29/2013,28.55,,,,,"Erika, Mike, Amy, Greg","Erika, Mike, Amy, Greg",,
60568,1,caca,614,2013.16,10/29/2013,5.01,,,,,"Erika, Mike, Amy, Greg","Erika, Mike, Amy, Greg",,
60569,1,caca,614,2013.16,10/29/2013,4.63,,,,,"Erika, Mike, Amy, Greg","Erika, Mike, Amy, Greg",,
60570,1,caco,614,2013.16,10/29/2013,13.45,,,,,"Erika, Mike, Amy, Greg","Erika, Mike, Amy, Greg",,
60571,1,caca,614,2013.16,10/29/2013,3.27,,,,,"Erika, Mike, Amy, Greg","Erika, Mike, Amy, Greg",,
60573,1,tiam,614,2013.16,10/29/2013,13.18,,,,,"Erika, Mike, Amy, Greg","Erika, Mike, Amy, Greg",,
60576,1,caca,615,2013.16,10/29/2013,20.57,,,,,"Erika, Mike, Amy, Greg","Erika, Mike, Amy, Greg",,
60577,1,litu,615,2013.16,10/29/2013,21.32,,,,,"Erika, Mike, Amy, Greg","Erika, Mike, Amy, Greg",,
60578,1,caca,615,2013.16,10/29/2013,4.33,,,,,"Erika, Mike, Amy, Greg","Erika, Mike, Amy, Greg",,
60579,1,caca,615,2013.16,10/29/2013,3.68,,,,,"Erika, Mike, Amy, Greg","Erika, Mike, Amy, Greg",,
60581,1,litu,615,2013.16,10/29/2013,23.58,,,,,"Erika, Mike, Amy, Greg","Erika, Mike, Amy, Greg",,
60582,1,quru,615,2013.16,10/29/2013,2.96,,,,,"Erika, Mike, Amy, Greg","Erika, Mike, Amy, Greg",,
60586,1,caca,615,2013.16,10/29/2013,3.59,,,,,"Erika, Mike, Amy, Greg","Erika, Mike, Amy, Greg",,
60587,1,caca,615,2013.16,10/29/2013,2.99,,,,,"Erika, Mike, Amy, Greg","Erika, Mike, Amy, Greg",,
60588,1,caco,615,2013.16,10/29/2013,8.13,,,,,"Erika, Mike, Amy, Greg","Erika, Mike, Amy, Greg",,
62128,1,quru,620,2013.16,10/29/2013,68.89,,,,,"Erika, Mike, Amy, Greg","Erika, Mike, Amy, Greg",,
62181,1,quve,621,2013.16,10/29/2013,60.24,,,,,"Erika, Mike, Amy, Greg","Erika, Mike, Amy, Greg",,
62224,1,litu,622,2013.16,10/29/2013,53.12,,,,,"Erika, Mike, Amy, Greg","Erika, Mike, Amy, Greg",,
62241,1,litu,623,2013.16,10/29/2013,87.31,,,,,"Erika, Mike, Amy, Greg","Erika, Mike, Amy, Greg",,
62417,1,quve,630,2013.16,10/29/2013,51.24,,,,,"Erika, Mike, Amy, Greg","Erika, Mike, Amy, Greg",,
62449,1,qual,632,2013.16,10/29/2013,67.11,,,,,"Erika, Mike, Amy, Greg","Erika, Mike, Amy, Greg",,
62454,1,quve,632,2013.16,10/29/2013,79.91,,,,,"Erika, Mike, Amy, Greg","Erika, Mike, Amy, Greg",,
70096,1,quru,704,2013.16,10/29/2013,87.9,,,,,"Erika, Mike, Amy, Greg","Erika, Mike, Amy, Greg",,
70126,1,quru,705,2013.16,10/29/2013,104.4,,,,,"Erika, Mike, Amy, Greg","Erika, Mike, Amy, Greg",,
70181,1,litu,707,2013.16,10/29/2013,89.29,,,,,"Erika, Mike, Amy, Greg","Erika, Mike, Amy, Greg",,
70216,1,quve,701,2013.16,10/29/2013,68.65,,,,,"Erika, Mike, Amy, Greg","Erika, Mike, Amy, Greg",,
70220,1,qual,702,2013.16,10/29/2013,79.29,,,,,"Erika, Mike, Amy, Greg","Erika, Mike, Amy, Greg",,
70278,1,qupr,704,2013.16,10/29/2013,84.77,,,,,"Erika, Mike, Amy, Greg","Erika, Mike, Amy, Greg",,
70292,1,cagl,705,2013.16,10/29/2013,43.35,,,,,"Erika, Mike, Amy, Greg","Erika, Mike, Amy, Greg",,
70352,1,litu,707,2013.16,10/29/2013,49.27,,,,,"Erika, Mike, Amy, Greg","Erika, Mike, Amy, Greg",,
70356,1,caca,707,2013.16,10/29/2013,4.74,,,,,"Erika, Mike, Amy, Greg","Erika, Mike, Amy, Greg",,
70357,1,cagl,708,2013.16,10/29/2013,13.12,,,,,"Erika, Mike, Amy, Greg","Erika, Mike, Amy, Greg",,
70358,1,litu,708,2013.16,10/29/2013,47.31,,,,,"Erika, Mike, Amy, Greg","Erika, Mike, Amy, Greg",,
70433,1,litu,710,2013.16,10/29/2013,78.4,,,,,"Erika, Mike, Amy, Greg","Erika, Mike, Amy, Greg",,
70492,1,nysy,714,2013.16,10/29/2013,11.87,,,,,"Erika, Mike, Amy, Greg","Erika, Mike, Amy, Greg",,
70493,1,litu,714,2013.16,10/29/2013,25.9,,,,,"Erika, Mike, Amy, Greg","Erika, Mike, Amy, Greg",,
70494,1,caca,714,2013.16,10/29/2013,4.17,,,,,"Erika, Mike, Amy, Greg","Erika, Mike, Amy, Greg",,
70494,2,caca,714,2013.16,10/29/2013,8.11,,,,,"Erika, Mike, Amy, Greg","Erika, Mike, Amy, Greg",,
70495,1,caca,714,2013.16,10/29/2013,5.05,,,,,"Erika, Mike, Amy, Greg","Erika, Mike, Amy, Greg",,
70519,1,qual,711,2013.16,10/29/2013,55.81,,,,,"Erika, Mike, Amy, Greg","Erika, Mike, Amy, Greg",,
70536,1,qual,711,2013.16,10/29/2013,66.55,,,,,"Erika, Mike, Amy, Greg","Erika, Mike, Amy, Greg",,
70579,1,caovl,714,2013.16,10/29/2013,27.05,,,,,"Erika, Mike, Amy, Greg","Erika, Mike, Amy, Greg",,
70581,1,quru,714,2013.16,10/29/2013,107.16,,,,,"Erika, Mike, Amy, Greg","Erika, Mike, Amy, Greg",,
70588,1,quve,714,2013.16,10/29/2013,9.22,,,,,"Erika, Mike, Amy, Greg","Erika, Mike, Amy, Greg",,
72024,1,quve,717,2013.16,10/29/2013,93.35,,,,,"Erika, Mike, Amy, Greg","Erika, Mike, Amy, Greg",,
72115,1,litu,719,2013.16,10/29/2013,43.37,,,,,"Erika, Mike, Amy, Greg","Erika, Mike, Amy, Greg",,
72116,1,litu,719,2013.16,10/29/2013,63.45,,,,,"Erika, Mike, Amy, Greg","Erika, Mike, Amy, Greg",,
72122,1,caca,719,2013.16,10/29/2013,13.53,,,,,"Erika, Mike, Amy, Greg","Erika, Mike, Amy, Greg",,
72124,1,quru,719,2013.16,10/29/2013,132.03,,,,,"Erika, Mike, Amy, Greg","Erika, Mike, Amy, Greg",,
72149,1,litu,720,2013.16,10/29/2013,117.79,,,,,"Erika, Mike, Amy, Greg","Erika, Mike, Amy, Greg",,
72210,1,qual,721,2013.16,10/29/2013,76.42,,,,,"Erika, Mike, Amy, Greg","Erika, Mike, Amy, Greg",,
72232,1,qual,722,2013.16,10/29/2013,53.9,,,,,"Erika, Mike, Amy, Greg","Erika, Mike, Amy, Greg",,
72248,1,caovl,723,2013.16,10/29/2013,38.85,,,,,"Erika, Mike, Amy, Greg","Erika, Mike, Amy, Greg",,
72308,1,qual,725,2013.16,10/29/2013,26.45,,,,,"Erika, Mike, Amy, Greg","Erika, Mike, Amy, Greg",,
72322,1,litu,726,2013.16,10/29/2013,12.41,,,,,"Erika, Mike, Amy, Greg","Erika, Mike, Amy, Greg",,
72324,1,litu,726,2013.16,10/29/2013,91.68,,,,,"Erika, Mike, Amy, Greg","Erika, Mike, Amy, Greg",,
72337,1,quru,727,2013.16,10/29/2013,96.2,,,,,"Erika, Mike, Amy, Greg","Erika, Mike, Amy, Greg",,
72348,1,quru,727,2013.16,10/29/2013,107.31,,,,,"Erika, Mike, Amy, Greg","Erika, Mike, Amy, Greg",,
72357,1,quru,728,2013.16,10/29/2013,42.29,,,,,"Erika, Mike, Amy, Greg","Erika, Mike, Amy, Greg",,
72375,1,litu,728,2013.16,10/29/2013,38.18,,,,,"Erika, Mike, Amy, Greg","Erika, Mike, Amy, Greg",,
72377,1,litu,728,2013.16,10/29/2013,74.84,,,,,"Erika, Mike, Amy, Greg","Erika, Mike, Amy, Greg",,
72408,1,qual,730,2013.16,10/29/2013,DEAD,,,,,"Erika, Mike, Amy, Greg","Erika, Mike, Amy, Greg",,
72427,1,litu,730,2013.16,10/29/2013,NA,,,,,"Erika, Mike, Amy, Greg","Erika, Mike, Amy, Greg",,
72447,1,litu,732,2013.16,10/29/2013,98.5,,,,,"Erika, Mike, Amy, Greg","Erika, Mike, Amy, Greg",,
72448,1,litu,732,2013.16,10/29/2013,147.85,,,,,"Erika, Mike, Amy, Greg","Erika, Mike, Amy, Greg",,
72452,1,quve,732,2013.16,10/29/2013,DEAD,,,,,"Erika, Mike, Amy, Greg","Erika, Mike, Amy, Greg",,
72460,1,quru,732,2013.16,10/29/2013,43.58,,,,,"Erika, Mike, Amy, Greg","Erika, Mike, Amy, Greg",,
80005,1,fram,801,2013.16,10/29/2013,20.51,,,,,"Erika, Mike, Amy, Greg","Erika, Mike, Amy, Greg",,
80100,1,litu,804,2013.16,10/29/2013,82.08,,,,,"Erika, Mike, Amy, Greg","Erika, Mike, Amy, Greg",,
80180,1,cato,804,2013.16,10/29/2013,73.49,,,,,"Erika, Mike, Amy, Greg","Erika, Mike, Amy, Greg",,
80398,1,caco,807,2013.16,10/29/2013,16.53,,,,,"Erika, Mike, Amy, Greg","Erika, Mike, Amy, Greg",,
80401,1,caco,807,2013.16,10/29/2013,84.18,,,,,"Erika, Mike, Amy, Greg","Erika, Mike, Amy, Greg",,
80491,1,quru,809,2013.16,10/29/2013,NA,,,,,"Erika, Mike, Amy, Greg","Erika, Mike, Amy, Greg",,
80554,1,caovl,813,2013.16,10/29/2013,104.66,,,,,"Erika, Mike, Amy, Greg","Erika, Mike, Amy, Greg",,
80559,1,nysy,813,2013.16,10/29/2013,5.43,,,,,"Erika, Mike, Amy, Greg","Erika, Mike, Amy, Greg",,
80614,1,caco,810,2013.16,10/29/2013,17.24,,,,,"Erika, Mike, Amy, Greg","Erika, Mike, Amy, Greg",,
80615,1,litu,810,2013.16,10/29/2013,71.83,,,,,"Erika, Mike, Amy, Greg","Erika, Mike, Amy, Greg",,
80628,1,quru,811,2013.16,10/29/2013,21.93,,,,,"Erika, Mike, Amy, Greg","Erika, Mike, Amy, Greg",,
80631,1,litu,811,2013.16,10/29/2013,70.51,,,,,"Erika, Mike, Amy, Greg","Erika, Mike, Amy, Greg",,
82125,1,cagl,819,2013.16,10/29/2013,25.62,,,,,"Erika, Mike, Amy, Greg","Erika, Mike, Amy, Greg",,
82138,1,quru,820,2013.16,10/29/2013,102.22,,,,,"Erika, Mike, Amy, Greg","Erika, Mike, Amy, Greg",,
82203,1,litu,822,2013.16,10/29/2013,80.18,,,,,"Erika, Mike, Amy, Greg","Erika, Mike, Amy, Greg",,
82223,1,litu,822,2013.16,10/29/2013,70.81,,,,,"Erika, Mike, Amy, Greg","Erika, Mike, Amy, Greg",,
82226,1,litu,823,2013.16,10/29/2013,26.37,,,,,"Erika, Mike, Amy, Greg","Erika, Mike, Amy, Greg",,
82284,1,quve,825,2013.16,10/29/2013,68.35,,,,,"Erika, Mike, Amy, Greg","Erika, Mike, Amy, Greg",,
82292,1,litu,826,2013.16,10/29/2013,61.78,,,,,"Erika, Mike, Amy, Greg","Erika, Mike, Amy, Greg",,
82298,1,litu,826,2013.16,10/29/2013,105.1,,,,,"Erika, Mike, Amy, Greg","Erika, Mike, Amy, Greg",,
82326,1,quve,827,2013.16,10/29/2013,85.16,,,,,"Erika, Mike, Amy, Greg","Erika, Mike, Amy, Greg",,
82357,1,litu,828,2013.16,10/29/2013,78.39,,,,,"Erika, Mike, Amy, Greg","Erika, Mike, Amy, Greg",,
82360,1,litu,829,2013.16,10/29/2013,72.01,,,,,"Erika, Mike, Amy, Greg","Erika, Mike, Amy, Greg",,
82365,1,qual,829,2013.16,10/29/2013,33.63,,,,,"Erika, Mike, Amy, Greg","Erika, Mike, Amy, Greg",,
82368,1,litu,829,2013.16,10/29/2013,59.72,,,,,"Erika, Mike, Amy, Greg","Erika, Mike, Amy, Greg",,
82419,1,litu,831,2013.16,10/29/2013,91.14,,,,,"Erika, Mike, Amy, Greg","Erika, Mike, Amy, Greg",,
82421,1,litu,831,2013.16,10/29/2013,76.67,,,,,"Erika, Mike, Amy, Greg","Erika, Mike, Amy, Greg",,
82422,1,litu,831,2013.16,10/29/2013,47.61,,,,,"Erika, Mike, Amy, Greg","Erika, Mike, Amy, Greg",,
82434,1,quve,832,2013.16,10/29/2013,79.34,,,,,"Erika, Mike, Amy, Greg","Erika, Mike, Amy, Greg",,
90043,1,quve,901,2013.16,10/29/2013,127.44,,,,,"Erika, Mike, Amy, Greg","Erika, Mike, Amy, Greg",,
90084,1,quve,902,2013.16,10/29/2013,112.18,,,,,"Erika, Mike, Amy, Greg","Erika, Mike, Amy, Greg",,
90162,1,litu,904,2013.16,10/29/2013,32.69,,,,,"Erika, Mike, Amy, Greg","Erika, Mike, Amy, Greg",,
90311,1,cagl,905,2013.16,10/29/2013,11.61,,,,,"Erika, Mike, Amy, Greg","Erika, Mike, Amy, Greg",,
90354,1,litu,905,2013.16,10/29/2013,102.95,,,,,"Erika, Mike, Amy, Greg","Erika, Mike, Amy, Greg",,
90413,3,litu,904,2013.16,10/29/2013,NA,,,,,"Erika, Mike, Amy, Greg","Erika, Mike, Amy, Greg",,
90446,1,ulru,905,2013.16,10/29/2013,DEAD,,,,,"Erika, Mike, Amy, Greg","Erika, Mike, Amy, Greg",,
90530,1,litu,910,2013.16,10/29/2013,44.14,,,,,"Erika, Mike, Amy, Greg","Erika, Mike, Amy, Greg",,
90533,1,cagl,911,2013.16,10/29/2013,114.84,,,,,"Erika, Mike, Amy, Greg","Erika, Mike, Amy, Greg",,
90612,1,quru,910,2013.16,10/29/2013,46.86,,,,,"Erika, Mike, Amy, Greg","Erika, Mike, Amy, Greg",,
90660,1,quru,913,2013.16,10/29/2013,105.25,,,,,"Erika, Mike, Amy, Greg","Erika, Mike, Amy, Greg",,
90752,1,qual,916,2013.16,10/29/2013,62.48,,,,,"Erika, Mike, Amy, Greg","Erika, Mike, Amy, Greg",,
91435,1,litu,907,2013.16,10/29/2013,30.29,,,,,"Erika, Mike, Amy, Greg","Erika, Mike, Amy, Greg",,
91451,1,litu,907,2013.16,10/29/2013,36.92,,,,,"Erika, Mike, Amy, Greg","Erika, Mike, Amy, Greg",,
91474,1,litu,908,2013.16,10/29/2013,116.52,,,,,"Erika, Mike, Amy, Greg","Erika, Mike, Amy, Greg",,
91476,1,litu,908,2013.16,10/29/2013,86.45,,,,,"Erika, Mike, Amy, Greg","Erika, Mike, Amy, Greg",,
91477,1,litu,908,2013.16,10/29/2013,33.13,,,,,"Erika, Mike, Amy, Greg","Erika, Mike, Amy, Greg",,
91486,1,cagl,908,2013.16,10/29/2013,58.98,,,,,"Erika, Mike, Amy, Greg","Erika, Mike, Amy, Greg",,
92006,1,litu,917,2013.16,10/29/2013,32.87,,,,,"Erika, Mike, Amy, Greg","Erika, Mike, Amy, Greg",,
92018,1,acru,917,2013.16,10/29/2013,37.52,,,,,"Erika, Mike, Amy, Greg","Erika, Mike, Amy, Greg",,
92112,1,litu,919,2013.16,10/29/2013,22.52,,,,,"Erika, Mike, Amy, Greg","Erika, Mike, Amy, Greg",,
92139,1,quru,920,2013.16,10/29/2013,31.94,,,,,"Erika, Mike, Amy, Greg","Erika, Mike, Amy, Greg",,
92140,1,cato,920,2013.16,10/29/2013,38.65,,,,,"Erika, Mike, Amy, Greg","Erika, Mike, Amy, Greg",,
92141,1,cagl,920,2013.16,10/29/2013,16.43,,,,,"Erika, Mike, Amy, Greg","Erika, Mike, Amy, Greg",,
92234,1,qual,922,2013.16,10/29/2013,DEAD,,,,,"Erika, Mike, Amy, Greg","Erika, Mike, Amy, Greg",,
92237,1,nysy,922,2013.16,10/29/2013,17.72,,,,,"Erika, Mike, Amy, Greg","Erika, Mike, Amy, Greg",,
92238,1,quve,922,2013.16,10/29/2013,70.57,,,,,"Erika, Mike, Amy, Greg","Erika, Mike, Amy, Greg",,
92269,1,ceca,923,2013.16,10/29/2013,36,,,,,"Erika, Mike, Amy, Greg","Erika, Mike, Amy, Greg",,
92280,1,quve,923,2013.16,10/29/2013,53.68,,,,,"Erika, Mike, Amy, Greg","Erika, Mike, Amy, Greg",,
92393,1,cagl,925,2013.16,10/29/2013,55.52,,,,,"Erika, Mike, Amy, Greg","Erika, Mike, Amy, Greg",,
92414,1,litu,926,2013.16,10/29/2013,106.79,,,,,"Erika, Mike, Amy, Greg","Erika, Mike, Amy, Greg",,
92466,1,litu,927,2013.16,10/29/2013,66.3,,,,,"Erika, Mike, Amy, Greg","Erika, Mike, Amy, Greg",,
92487,1,quve,928,2013.16,10/29/2013,39.33,,,,,"Erika, Mike, Amy, Greg","Erika, Mike, Amy, Greg",,
92488,1,litu,928,2013.16,10/29/2013,108.83,,,,,"Erika, Mike, Amy, Greg","Erika, Mike, Amy, Greg",,
92545,1,litu,931,2013.16,10/29/2013,33.37,,,,,"Erika, Mike, Amy, Greg","Erika, Mike, Amy, Greg",,
92546,1,litu,931,2013.16,10/29/2013,132.65,,,,,"Erika, Mike, Amy, Greg","Erika, Mike, Amy, Greg",,
92547,1,litu,931,2013.16,10/29/2013,54.66,,,,,"Erika, Mike, Amy, Greg","Erika, Mike, Amy, Greg",,
100011,1,fram,1001,2013.16,10/29/2013,64.04,,,,,"Erika, Mike, Amy, Greg","Erika, Mike, Amy, Greg",,
100516,1,litu,1004,2013.16,10/29/2013,160.22,,,,,"Erika, Mike, Amy, Greg","Erika, Mike, Amy, Greg",,
100562,1,litu,1004,2013.16,10/29/2013,72.73,,,,,"Erika, Mike, Amy, Greg","Erika, Mike, Amy, Greg",,
100612,1,litu,1003,2013.16,10/29/2013,115.04,,,,,"Erika, Mike, Amy, Greg","Erika, Mike, Amy, Greg",,
100720,2,litu,1004,2013.16,10/29/2013,NA,,,,,"Erika, Mike, Amy, Greg","Erika, Mike, Amy, Greg",,
100754,1,quru,1005,2013.16,10/29/2013,124.45,,,,,"Erika, Mike, Amy, Greg","Erika, Mike, Amy, Greg",,
100771,1,quru,1005,2013.16,10/29/2013,147.71,,,,,"Erika, Mike, Amy, Greg","Erika, Mike, Amy, Greg",,
100905,1,litu,1008,2013.16,10/29/2013,78.83,,,,,"Erika, Mike, Amy, Greg","Erika, Mike, Amy, Greg",,
100906,1,litu,1008,2013.16,10/29/2013,8.41,,,,,"Erika, Mike, Amy, Greg","Erika, Mike, Amy, Greg",,
100960,1,quru,1010,2013.16,10/29/2013,100.78,,,,,"Erika, Mike, Amy, Greg","Erika, Mike, Amy, Greg",,
101082,1,litu,1009,2013.16,10/29/2013,NA,,,,,"Erika, Mike, Amy, Greg","Erika, Mike, Amy, Greg",,
101111,1,litu,1011,2013.16,10/29/2013,23.41,,,,,"Erika, Mike, Amy, Greg","Erika, Mike, Amy, Greg",,
101118,1,litu,1011,2013.16,10/29/2013,NA,,,,,"Erika, Mike, Amy, Greg","Erika, Mike, Amy, Greg",,
101244,1,quve,1014,2013.16,10/29/2013,51.54,,,,,"Erika, Mike, Amy, Greg","Erika, Mike, Amy, Greg",,
101310,1,fram,1016,2013.16,10/29/2013,70.85,,,,,"Erika, Mike, Amy, Greg","Erika, Mike, Amy, Greg",,
101312,1,fram,1016,2013.16,10/29/2013,123.73,,,,,"Erika, Mike, Amy, Greg","Erika, Mike, Amy, Greg",,
102001,1,fram,1017,2013.16,10/29/2013,40.65,,,,,"Erika, Mike, Amy, Greg","Erika, Mike, Amy, Greg",,
102148,1,cato,1019,2013.16,10/29/2013,26.4,,,,,"Erika, Mike, Amy, Greg","Erika, Mike, Amy, Greg",,
102149,1,cagl,1020,2013.16,10/29/2013,34.78,,,,,"Erika, Mike, Amy, Greg","Erika, Mike, Amy, Greg",,
102150,1,qual,1020,2013.16,10/29/2013,14.88,,,,,"Erika, Mike, Amy, Greg","Erika, Mike, Amy, Greg",,
102154,1,qual,1020,2013.16,10/29/2013,82.46,,,,,"Erika, Mike, Amy, Greg","Erika, Mike, Amy, Greg",,
102177,1,qual,1020,2013.16,10/29/2013,54.1,,,,,"Erika, Mike, Amy, Greg","Erika, Mike, Amy, Greg",,
102258,1,qual,1022,2013.16,10/29/2013,100.82,,,,,"Erika, Mike, Amy, Greg","Erika, Mike, Amy, Greg",,
102261,1,qual,1022,2013.16,10/29/2013,78.03,,,,,"Erika, Mike, Amy, Greg","Erika, Mike, Amy, Greg",,
102262,1,qual,1022,2013.16,10/29/2013,58.69,,,,,"Erika, Mike, Amy, Greg","Erika, Mike, Amy, Greg",,
102264,1,qual,1022,2013.16,10/29/2013,11.45,,,,,"Erika, Mike, Amy, Greg","Erika, Mike, Amy, Greg",,
102303,1,quve,1024,2013.16,10/29/2013,73.38,,,,,"Erika, Mike, Amy, Greg","Erika, Mike, Amy, Greg",,
102348,1,qual,1025,2013.16,10/29/2013,81.5,,,,,"Erika, Mike, Amy, Greg","Erika, Mike, Amy, Greg",,
102364,1,qual,1025,2013.16,10/29/2013,30.94,,,,,"Erika, Mike, Amy, Greg","Erika, Mike, Amy, Greg",,
102365,1,litu,1025,2013.16,10/29/2013,24.88,,,,,"Erika, Mike, Amy, Greg","Erika, Mike, Amy, Greg",,
102371,1,qual,1026,2013.16,10/29/2013,23.99,,,,,"Erika, Mike, Amy, Greg","Erika, Mike, Amy, Greg",,
102438,1,litu,1028,2013.16,10/29/2013,20.66,,,,,"Erika, Mike, Amy, Greg","Erika, Mike, Amy, Greg",,
102438,2,litu,1028,2013.16,10/29/2013,17.8,,,,,"Erika, Mike, Amy, Greg","Erika, Mike, Amy, Greg",,
102439,1,litu,1028,2013.16,10/29/2013,12.77,,,,,"Erika, Mike, Amy, Greg","Erika, Mike, Amy, Greg",,
102441,1,litu,1029,2013.16,10/29/2013,141.32,,,,,"Erika, Mike, Amy, Greg","Erika, Mike, Amy, Greg",,
102442,1,litu,1029,2013.16,10/29/2013,40.16,,,,,"Erika, Mike, Amy, Greg","Erika, Mike, Amy, Greg",,
102443,1,litu,1029,2013.16,10/29/2013,50.75,,,,,"Erika, Mike, Amy, Greg","Erika, Mike, Amy, Greg",,
102444,1,litu,1029,2013.16,10/29/2013,84.26,,,,,"Erika, Mike, Amy, Greg","Erika, Mike, Amy, Greg",,
102446,1,litu,1029,2013.16,10/29/2013,22,,,,,"Erika, Mike, Amy, Greg","Erika, Mike, Amy, Greg",,
102446,2,litu,1029,2013.16,10/29/2013,26.57,,,,,"Erika, Mike, Amy, Greg","Erika, Mike, Amy, Greg",,
102475,1,litu,1030,2013.16,10/29/2013,53.58,,,,,"Erika, Mike, Amy, Greg","Erika, Mike, Amy, Greg",,
102501,1,litu,1031,2013.16,10/29/2013,64.34,,,,,"Erika, Mike, Amy, Greg","Erika, Mike, Amy, Greg",,
102502,1,ulru,1031,2013.16,10/29/2013,27.57,,,,,"Erika, Mike, Amy, Greg","Erika, Mike, Amy, Greg",,
102505,1,ceca,1032,2013.16,10/29/2013,DEAD,,,,,"Erika, Mike, Amy, Greg","Erika, Mike, Amy, Greg",,
102509,1,quve,1032,2013.16,10/29/2013,96.84,,,,,"Erika, Mike, Amy, Greg","Erika, Mike, Amy, Greg",,
110061,1,litu,1101,2013.16,10/29/2013,73.3,,,,,"Erika, Mike, Amy, Greg","Erika, Mike, Amy, Greg",,
110680,1,litu,1104,2013.16,10/29/2013,58.04,,,,,"Erika, Mike, Amy, Greg","Erika, Mike, Amy, Greg",,
110788,1,litu,1104,2013.16,10/29/2013,49.52,,,,,"Erika, Mike, Amy, Greg","Erika, Mike, Amy, Greg",,
110791,1,litu,1104,2013.16,10/29/2013,112.32,,,,,"Erika, Mike, Amy, Greg","Erika, Mike, Amy, Greg",,
110798,1,qupr,1104,2013.16,10/29/2013,106.64,,,,,"Erika, Mike, Amy, Greg","Erika, Mike, Amy, Greg",,
110901,1,litu,1105,2013.16,10/29/2013,144.13,,,,,"Erika, Mike, Amy, Greg","Erika, Mike, Amy, Greg",,
110904,1,quve,1105,2013.16,10/29/2013,DEAD,,,,,"Erika, Mike, Amy, Greg","Erika, Mike, Amy, Greg",,
111014,1,litu,1107,2013.16,10/29/2013,93.91,,,,,"Erika, Mike, Amy, Greg","Erika, Mike, Amy, Greg",,
111029,1,litu,1107,2013.16,10/29/2013,15.34,,,,,"Erika, Mike, Amy, Greg","Erika, Mike, Amy, Greg",,
111030,1,litu,1107,2013.16,10/29/2013,40.04,,,,,"Erika, Mike, Amy, Greg","Erika, Mike, Amy, Greg",,
111032,1,litu,1107,2013.16,10/29/2013,11.32,,,,,"Erika, Mike, Amy, Greg","Erika, Mike, Amy, Greg",,
111032,2,litu,1107,2013.16,10/29/2013,16.08,,,,,"Erika, Mike, Amy, Greg","Erika, Mike, Amy, Greg",,
111039,1,litu,1108,2013.16,10/29/2013,68.44,,,,,"Erika, Mike, Amy, Greg","Erika, Mike, Amy, Greg",,
111041,1,quru,1108,2013.16,10/29/2013,135.33,,,,,"Erika, Mike, Amy, Greg","Erika, Mike, Amy, Greg",,
111092,1,litu,1110,2013.16,10/29/2013,25.79,,,,,"Erika, Mike, Amy, Greg","Erika, Mike, Amy, Greg",,
111093,1,litu,1110,2013.16,10/29/2013,125.57,,,,,"Erika, Mike, Amy, Greg","Erika, Mike, Amy, Greg",,
111292,1,fram,1116,2013.16,10/29/2013,38.78,,,,,"Erika, Mike, Amy, Greg","Erika, Mike, Amy, Greg",,
112014,1,cagl,1117,2013.16,10/29/2013,95.72,,,,,"Erika, Mike, Amy, Greg","Erika, Mike, Amy, Greg",,
112057,1,acru,1117,2013.16,10/29/2013,29.36,,,,,"Erika, Mike, Amy, Greg","Erika, Mike, Amy, Greg",,
112060,1,fram,1117,2013.16,10/29/2013,50.99,,,,,"Erika, Mike, Amy, Greg","Erika, Mike, Amy, Greg",,
112118,1,quru,1119,2013.16,10/29/2013,33.09,,,,,"Erika, Mike, Amy, Greg","Erika, Mike, Amy, Greg",,
112130,1,qual,1119,2013.16,10/29/2013,6.6,,,,,"Erika, Mike, Amy, Greg","Erika, Mike, Amy, Greg",,
112136,1,pist,1120,2013.16,10/29/2013,46.61,,,,,"Erika, Mike, Amy, Greg","Erika, Mike, Amy, Greg",,
112137,1,qual,1120,2013.16,10/29/2013,141.58,,,,,"Erika, Mike, Amy, Greg","Erika, Mike, Amy, Greg",,
112142,1,qual,1120,2013.16,10/29/2013,103.68,,,,,"Erika, Mike, Amy, Greg","Erika, Mike, Amy, Greg",,
112143,1,quru,1120,2013.16,10/29/2013,69.03,,,,,"Erika, Mike, Amy, Greg","Erika, Mike, Amy, Greg",,
112250,1,pist,1122,2013.16,10/29/2013,132.74,,,,,"Erika, Mike, Amy, Greg","Erika, Mike, Amy, Greg",,
112252,1,litu,1122,2013.16,10/29/2013,128.42,,,,,"Erika, Mike, Amy, Greg","Erika, Mike, Amy, Greg",,
112262,1,quru,1123,2013.16,10/29/2013,33.94,,,,,"Erika, Mike, Amy, Greg","Erika, Mike, Amy, Greg",,
112316,1,quve,1125,2013.16,10/29/2013,48.16,,,,,"Erika, Mike, Amy, Greg","Erika, Mike, Amy, Greg",,
112336,1,qual,1125,2013.16,10/29/2013,14.45,,,,,"Erika, Mike, Amy, Greg","Erika, Mike, Amy, Greg",,
112340,1,ceca,1125,2013.16,10/29/2013,28.91,,,,,"Erika, Mike, Amy, Greg","Erika, Mike, Amy, Greg",,
112342,1,nysy,1125,2013.16,10/29/2013,4.53,,,,,"Erika, Mike, Amy, Greg","Erika, Mike, Amy, Greg",,
112350,1,cagl,1126,2013.16,10/29/2013,31.62,,,,,"Erika, Mike, Amy, Greg","Erika, Mike, Amy, Greg",,
112354,1,qual,1126,2013.16,10/29/2013,20.78,,,,,"Erika, Mike, Amy, Greg","Erika, Mike, Amy, Greg",,
112462,1,litu,1128,2013.16,10/29/2013,59.13,,,,,"Erika, Mike, Amy, Greg","Erika, Mike, Amy, Greg",,
112466,1,cato,1129,2013.16,10/29/2013,13.33,,,,,"Erika, Mike, Amy, Greg","Erika, Mike, Amy, Greg",,
112467,1,litu,1129,2013.16,10/29/2013,72,,,,,"Erika, Mike, Amy, Greg","Erika, Mike, Amy, Greg",,
112480,1,litu,1131,2013.16,10/29/2013,41.67,,,,,"Erika, Mike, Amy, Greg","Erika, Mike, Amy, Greg",,
112481,1,litu,1131,2013.16,10/29/2013,49.2,,,,,"Erika, Mike, Amy, Greg","Erika, Mike, Amy, Greg",,
112482,1,litu,1131,2013.16,10/29/2013,43.73,,,,,"Erika, Mike, Amy, Greg","Erika, Mike, Amy, Greg",,
112485,1,quve,1132,2013.16,10/29/2013,30.9,,,,,"Erika, Mike, Amy, Greg","Erika, Mike, Amy, Greg",,
112698,1,ulru,1128,2013.16,10/29/2013,13.08,,,,,"Erika, Mike, Amy, Greg","Erika, Mike, Amy, Greg",,
120278,1,litu,1201,2013.16,10/29/2013,135.44,,,,,"Erika, Mike, Amy, Greg","Erika, Mike, Amy, Greg",,
120755,1,litu,1204,2013.16,10/29/2013,91.54,,,,,"Erika, Mike, Amy, Greg","Erika, Mike, Amy, Greg",,
120777,1,litu,1205,2013.16,10/29/2013,66.46,,,,,"Erika, Mike, Amy, Greg","Erika, Mike, Amy, Greg",,
120781,1,litu,1205,2013.16,10/29/2013,40.82,,,,,"Erika, Mike, Amy, Greg","Erika, Mike, Amy, Greg",,
120790,1,litu,1205,2013.16,10/29/2013,66.6,,,,,"Erika, Mike, Amy, Greg","Erika, Mike, Amy, Greg",,
121195,1,quru,1211,2013.16,10/29/2013,112.56,,,,,"Erika, Mike, Amy, Greg","Erika, Mike, Amy, Greg",,
121212,1,litu,1207,2013.16,10/29/2013,107.59,,,,,"Erika, Mike, Amy, Greg","Erika, Mike, Amy, Greg",,
121221,1,litu,1207,2013.16,10/29/2013,83.09,,,,,"Erika, Mike, Amy, Greg","Erika, Mike, Amy, Greg",,
121274,1,cato,1209,2013.16,10/29/2013,DEAD,,,,,"Erika, Mike, Amy, Greg","Erika, Mike, Amy, Greg",,
121275,1,qupr,1209,2013.16,10/29/2013,15.49,,,,,"Erika, Mike, Amy, Greg","Erika, Mike, Amy, Greg",,
121291,1,qupr,1210,2013.16,10/29/2013,26.14,,,,,"Erika, Mike, Amy, Greg","Erika, Mike, Amy, Greg",,
121298,1,nysy,1211,2013.16,10/29/2013,DEAD,,,,,"Erika, Mike, Amy, Greg","Erika, Mike, Amy, Greg",,
121301,1,caovl,1211,2013.16,10/29/2013,92.22,,,,,"Erika, Mike, Amy, Greg","Erika, Mike, Amy, Greg",,
121305,1,quru,1211,2013.16,10/29/2013,41.63,,,,,"Erika, Mike, Amy, Greg","Erika, Mike, Amy, Greg",,
121358,1,fram,1216,2013.16,10/29/2013,75.46,,,,,"Erika, Mike, Amy, Greg","Erika, Mike, Amy, Greg",,
121367,1,nysy,1216,2013.16,10/29/2013,27.56,,,,,"Erika, Mike, Amy, Greg","Erika, Mike, Amy, Greg",,
121374,1,juni,1216,2013.16,10/29/2013,50.06,,,,,"Erika, Mike, Amy, Greg","Erika, Mike, Amy, Greg",,
122005,1,fram,1217,2013.16,10/29/2013,80.38,,,,,"Erika, Mike, Amy, Greg","Erika, Mike, Amy, Greg",,
122006,1,acru,1217,2013.16,10/29/2013,28.48,,,,,"Erika, Mike, Amy, Greg","Erika, Mike, Amy, Greg",,
122009,1,acru,1217,2013.16,10/29/2013,44.89,,,,,"Erika, Mike, Amy, Greg","Erika, Mike, Amy, Greg",,
122120,1,qual,1220,2013.16,10/29/2013,35.2,,,,,"Erika, Mike, Amy, Greg","Erika, Mike, Amy, Greg",,
122121,1,pist,1220,2013.16,10/29/2013,30.8,,,,,"Erika, Mike, Amy, Greg","Erika, Mike, Amy, Greg",,
122130,1,qual,1219,2013.16,10/29/2013,DEAD,,,,,"Erika, Mike, Amy, Greg","Erika, Mike, Amy, Greg",,
122136,1,quru,1220,2013.16,10/29/2013,53.39,,,,,"Erika, Mike, Amy, Greg","Erika, Mike, Amy, Greg",,
122184,1,pist,1222,2013.16,10/29/2013,37.04,,,,,"Erika, Mike, Amy, Greg","Erika, Mike, Amy, Greg",,
122185,1,pist,1222,2013.16,10/29/2013,13,,,,,"Erika, Mike, Amy, Greg","Erika, Mike, Amy, Greg",,
122189,1,qual,1222,2013.16,10/29/2013,50.97,,,,,"Erika, Mike, Amy, Greg","Erika, Mike, Amy, Greg",,
122248,1,qual,1222,2013.16,10/29/2013,14.67,,,,,"Erika, Mike, Amy, Greg","Erika, Mike, Amy, Greg",,
122303,1,qual,1223,2013.16,10/29/2013,33.65,,,,,"Erika, Mike, Amy, Greg","Erika, Mike, Amy, Greg",,
122343,1,qual,1225,2013.16,10/29/2013,52.35,,,,,"Erika, Mike, Amy, Greg","Erika, Mike, Amy, Greg",,
122347,1,ulru,1225,2013.16,10/29/2013,27.54,,,,,"Erika, Mike, Amy, Greg","Erika, Mike, Amy, Greg",,
122427,1,qual,1227,2013.16,10/29/2013,89.47,,,,,"Erika, Mike, Amy, Greg","Erika, Mike, Amy, Greg",,
122439,1,cagl,1228,2013.16,10/29/2013,24.38,,,,,"Erika, Mike, Amy, Greg","Erika, Mike, Amy, Greg",,
122450,1,ulru,1225,2013.16,10/29/2013,29.82,,,,,"Erika, Mike, Amy, Greg","Erika, Mike, Amy, Greg",,
122452,1,fram,1226,2013.16,10/29/2013,45.84,,,,,"Erika, Mike, Amy, Greg","Erika, Mike, Amy, Greg",,
122455,1,qual,1226,2013.16,10/29/2013,58.06,,,,,"Erika, Mike, Amy, Greg","Erika, Mike, Amy, Greg",,
122458,1,cagl,1226,2013.16,10/29/2013,83.04,,,,,"Erika, Mike, Amy, Greg","Erika, Mike, Amy, Greg",,
122482,1,litu,1228,2013.16,10/29/2013,25.12,,,,,"Erika, Mike, Amy, Greg","Erika, Mike, Amy, Greg",,
122486,1,litu,1228,2013.16,10/29/2013,64.21,,,,,"Erika, Mike, Amy, Greg","Erika, Mike, Amy, Greg",,
122489,1,cagl,1229,2013.16,10/29/2013,43.28,,,,,"Erika, Mike, Amy, Greg","Erika, Mike, Amy, Greg",,
122490,1,quru,1229,2013.16,10/29/2013,7.55,,,,,"Erika, Mike, Amy, Greg","Erika, Mike, Amy, Greg",,
122492,1,litu,1229,2013.16,10/29/2013,109.27,,,,,"Erika, Mike, Amy, Greg","Erika, Mike, Amy, Greg",,
122522,1,litu,1232,2013.16,10/29/2013,62.4,,,,,"Erika, Mike, Amy, Greg","Erika, Mike, Amy, Greg",,
122561,1,litu,1231,2013.16,10/29/2013,76.36,,,,,"Erika, Mike, Amy, Greg","Erika, Mike, Amy, Greg",,
122563,2,litu,1232,2013.16,10/29/2013,NA,,,,,"Erika, Mike, Amy, Greg","Erika, Mike, Amy, Greg",,
130348,1,litu,1302,2013.16,10/29/2013,96.12,,,,,"Erika, Mike, Amy, Greg","Erika, Mike, Amy, Greg",,
130718,1,litu,1306,2013.16,10/29/2013,82.25,,,,,"Erika, Mike, Amy, Greg","Erika, Mike, Amy, Greg",,
130838,1,litu,1305,2013.16,10/29/2013,79.83,,,,,"Erika, Mike, Amy, Greg","Erika, Mike, Amy, Greg",,
131009,1,quve,1308,2013.16,10/29/2013,79.49,,,,,"Erika, Mike, Amy, Greg","Erika, Mike, Amy, Greg",,
131086,1,quru,1310,2013.16,10/29/2013,91.2,,,,,"Erika, Mike, Amy, Greg","Erika, Mike, Amy, Greg",,
131087,1,quru,1310,2013.16,10/29/2013,84.37,,,,,"Erika, Mike, Amy, Greg","Erika, Mike, Amy, Greg",,
131092,1,litu,1311,2013.16,10/29/2013,82.68,,,,,"Erika, Mike, Amy, Greg","Erika, Mike, Amy, Greg",,
131096,1,litu,1311,2013.16,10/29/2013,10.25,,,,,"Erika, Mike, Amy, Greg","Erika, Mike, Amy, Greg",,
131188,1,litu,1313,2013.16,10/29/2013,98.8,,,,,"Erika, Mike, Amy, Greg","Erika, Mike, Amy, Greg",,
131227,1,litu,1313,2013.16,10/29/2013,100.88,,,,,"Erika, Mike, Amy, Greg","Erika, Mike, Amy, Greg",,
131232,1,litu,1313,2013.16,10/29/2013,54.51,,,,,"Erika, Mike, Amy, Greg","Erika, Mike, Amy, Greg",,
131233,1,litu,1313,2013.16,10/29/2013,42.98,,,,,"Erika, Mike, Amy, Greg","Erika, Mike, Amy, Greg",,
131238,1,caco,1314,2013.16,10/29/2013,10.47,,,,,"Erika, Mike, Amy, Greg","Erika, Mike, Amy, Greg",,
131239,1,quru,1314,2013.16,10/29/2013,99.63,,,,,"Erika, Mike, Amy, Greg","Erika, Mike, Amy, Greg",,
131272,1,fram,1315,2013.16,10/29/2013,44.86,,,,,"Erika, Mike, Amy, Greg","Erika, Mike, Amy, Greg",,
131352,1,fram,1316,2013.16,10/29/2013,80.62,,,,,"Erika, Mike, Amy, Greg","Erika, Mike, Amy, Greg",,
131364,1,acru,1316,2013.16,10/29/2013,58.4,,,,,"Erika, Mike, Amy, Greg","Erika, Mike, Amy, Greg",,
132028,1,fram,1317,2013.16,10/29/2013,29.1,,,,,"Erika, Mike, Amy, Greg","Erika, Mike, Amy, Greg",,
132077,1,qual,1319,2013.16,10/29/2013,97.48,,,,,"Erika, Mike, Amy, Greg","Erika, Mike, Amy, Greg",,
132171,1,litu,1320,2013.16,10/29/2013,107.32,,,,,"Erika, Mike, Amy, Greg","Erika, Mike, Amy, Greg",,
132302,1,quru,1321,2013.16,10/29/2013,70.85,,,,,"Erika, Mike, Amy, Greg","Erika, Mike, Amy, Greg",,
132311,1,qual,1322,2013.16,10/29/2013,65.49,,,,,"Erika, Mike, Amy, Greg","Erika, Mike, Amy, Greg",,
132321,1,quru,1323,2013.16,10/29/2013,44.57,,,,,"Erika, Mike, Amy, Greg","Erika, Mike, Amy, Greg",,
132371,1,quru,1325,2013.16,10/29/2013,21.62,,,,,"Erika, Mike, Amy, Greg","Erika, Mike, Amy, Greg",,
132508,1,quve,1328,2013.16,10/29/2013,34.23,,,,,"Erika, Mike, Amy, Greg","Erika, Mike, Amy, Greg",,
132512,1,juni,1328,2013.16,10/29/2013,28.6,,,,,"Erika, Mike, Amy, Greg","Erika, Mike, Amy, Greg",,
132524,1,litu,1329,2013.16,10/29/2013,31.75,,,,,"Erika, Mike, Amy, Greg","Erika, Mike, Amy, Greg",,
132525,1,fram,1329,2013.16,10/29/2013,14.55,,,,,"Erika, Mike, Amy, Greg","Erika, Mike, Amy, Greg",,
132529,1,litu,1329,2013.16,10/29/2013,126.72,,,,,"Erika, Mike, Amy, Greg","Erika, Mike, Amy, Greg",,
132539,1,litu,1331,2013.16,10/29/2013,59.3,,,,,"Erika, Mike, Amy, Greg","Erika, Mike, Amy, Greg",,
132542,1,quve,1332,2013.16,10/29/2013,64.73,,,,,"Erika, Mike, Amy, Greg","Erika, Mike, Amy, Greg",,
132545,1,litu,1332,2013.16,10/29/2013,58.38,,,,,"Erika, Mike, Amy, Greg","Erika, Mike, Amy, Greg",,
140270,1,ulru,1401,2013.16,10/29/2013,DEAD,,,,,"Erika, Mike, Amy, Greg","Erika, Mike, Amy, Greg",,
140467,1,quve,1404,2013.16,10/29/2013,53.9,,,,,"Erika, Mike, Amy, Greg","Erika, Mike, Amy, Greg",,
140609,1,litu,1403,2013.16,10/29/2013,111.4,,,,,"Erika, Mike, Amy, Greg","Erika, Mike, Amy, Greg",,
140646,1,litu,1405,2013.16,10/29/2013,103.63,,,,,"Erika, Mike, Amy, Greg","Erika, Mike, Amy, Greg",,
140736,1,quve,1407,2013.16,10/29/2013,80.72,,,,,"Erika, Mike, Amy, Greg","Erika, Mike, Amy, Greg",,
140751,1,quru,1408,2013.16,10/29/2013,76.78,,,,,"Erika, Mike, Amy, Greg","Erika, Mike, Amy, Greg",,
140756,1,quve,1408,2013.16,10/29/2013,32.57,,,,,"Erika, Mike, Amy, Greg","Erika, Mike, Amy, Greg",,
140813,1,litu,1410,2013.16,10/29/2013,105.12,,,,,"Erika, Mike, Amy, Greg","Erika, Mike, Amy, Greg",,
140818,1,litu,1410,2013.16,10/29/2013,94.72,,,,,"Erika, Mike, Amy, Greg","Erika, Mike, Amy, Greg",,
140819,1,litu,1411,2013.16,10/29/2013,8.87,,,,,"Erika, Mike, Amy, Greg","Erika, Mike, Amy, Greg",,
140820,1,litu,1411,2013.16,10/29/2013,9.57,,,,,"Erika, Mike, Amy, Greg","Erika, Mike, Amy, Greg",,
140821,1,litu,1411,2013.16,10/29/2013,77.62,,,,,"Erika, Mike, Amy, Greg","Erika, Mike, Amy, Greg",,
140825,1,litu,1411,2013.16,10/29/2013,81.34,,,,,"Erika, Mike, Amy, Greg","Erika, Mike, Amy, Greg",,
140829,1,litu,1411,2013.16,10/29/2013,80.13,,,,,"Erika, Mike, Amy, Greg","Erika, Mike, Amy, Greg",,
140833,1,litu,1411,2013.16,10/29/2013,56.26,,,,,"Erika, Mike, Amy, Greg","Erika, Mike, Amy, Greg",,
140872,1,litu,1413,2013.16,10/29/2013,102.75,,,,,"Erika, Mike, Amy, Greg","Erika, Mike, Amy, Greg",,
141146,1,caco,1416,2013.16,10/29/2013,27.31,,,,,"Erika, Mike, Amy, Greg","Erika, Mike, Amy, Greg",,
142113,1,cagl,1417,2013.16,10/29/2013,19.77,,,,,"Erika, Mike, Amy, Greg","Erika, Mike, Amy, Greg",,
142206,1,fram,1419,2013.16,10/29/2013,64.38,,,,,"Erika, Mike, Amy, Greg","Erika, Mike, Amy, Greg",,
142380,1,qual,1425,2013.16,10/29/2013,79.9,,,,,"Erika, Mike, Amy, Greg","Erika, Mike, Amy, Greg",,
142521,1,pist,1422,2013.16,10/29/2013,87.89,,,,,"Erika, Mike, Amy, Greg","Erika, Mike, Amy, Greg",,
142527,1,cagl,1422,2013.16,10/29/2013,19.48,,,,,"Erika, Mike, Amy, Greg","Erika, Mike, Amy, Greg",,
142568,1,quve,1425,2013.16,10/29/2013,38.23,,,,,"Erika, Mike, Amy, Greg","Erika, Mike, Amy, Greg",,
142575,1,quve,1426,2013.16,10/29/2013,60.55,,,,,"Erika, Mike, Amy, Greg","Erika, Mike, Amy, Greg",,
142656,1,litu,1431,2013.16,10/29/2013,36.71,,,,,"Erika, Mike, Amy, Greg","Erika, Mike, Amy, Greg",,
142708,1,juni,1429,2013.16,10/29/2013,10.06,,,,,"Erika, Mike, Amy, Greg","Erika, Mike, Amy, Greg",,
142727,1,litu,1431,2013.16,10/29/2013,98.81,,,,,"Erika, Mike, Amy, Greg","Erika, Mike, Amy, Greg",,
142729,1,litu,1431,2013.16,10/29/2013,27.54,,,,,"Erika, Mike, Amy, Greg","Erika, Mike, Amy, Greg",,
142730,1,litu,1431,2013.16,10/29/2013,96.85,,,,,"Erika, Mike, Amy, Greg","Erika, Mike, Amy, Greg",,
142731,1,litu,1432,2013.16,10/29/2013,33.67,,,,,"Erika, Mike, Amy, Greg","Erika, Mike, Amy, Greg",,
142732,1,cagl,1432,2013.16,10/29/2013,20.12,,,,,"Erika, Mike, Amy, Greg","Erika, Mike, Amy, Greg",,
142733,1,litu,1432,2013.16,10/29/2013,83.22,,,,,"Erika, Mike, Amy, Greg","Erika, Mike, Amy, Greg",,
142735,1,qual,1432,2013.16,10/29/2013,29.41,,,,,"Erika, Mike, Amy, Greg","Erika, Mike, Amy, Greg",,
143707,1,cagl,1426,2013.16,10/29/2013,9.87,,,,,"Erika, Mike, Amy, Greg","Erika, Mike, Amy, Greg",,
150756,1,quve,1503,2013.16,10/29/2013,21.4,,,,,"Erika, Mike, Amy, Greg","Erika, Mike, Amy, Greg",,
150830,1,litu,1508,2013.16,10/29/2013,NA,,,,,"Erika, Mike, Amy, Greg","Erika, Mike, Amy, Greg",,
152153,1,ploc,1520,2013.16,10/29/2013,94.79,,,,,"Erika, Mike, Amy, Greg","Erika, Mike, Amy, Greg",,
152673,1,litu,1530,2013.16,10/29/2013,100.13,,,,,"Erika, Mike, Amy, Greg","Erika, Mike, Amy, Greg",,
152701,1,litu,1531,2013.16,10/29/2013,101.83,,,,,"Erika, Mike, Amy, Greg","Erika, Mike, Amy, Greg",,
160713,1,litu,1603,2013.16,10/29/2013,147.69,,,,,"Erika, Mike, Amy, Greg","Erika, Mike, Amy, Greg",,
160742,1,litu,1605,2013.16,10/29/2013,142.75,,,,,"Erika, Mike, Amy, Greg","Erika, Mike, Amy, Greg",,
160862,1,ploc,1614,2013.16,10/29/2013,97.93,,,,,"Erika, Mike, Amy, Greg","Erika, Mike, Amy, Greg",,
160910,1,litu,1607,2013.16,10/29/2013,149.11,,,,,"Erika, Mike, Amy, Greg","Erika, Mike, Amy, Greg",,
160985,1,litu,1612,2013.16,10/29/2013,72.94,,,,,"Erika, Mike, Amy, Greg","Erika, Mike, Amy, Greg",,
162293,1,qual,1623,2013.16,10/29/2013,48.65,,,,,"Erika, Mike, Amy, Greg","Erika, Mike, Amy, Greg",,
162439,1,quru,1627,2013.16,10/29/2013,93.87,,,,,"Erika, Mike, Amy, Greg","Erika, Mike, Amy, Greg",,
162503,1,quve,1624,2013.16,10/29/2013,77.65,,,,,"Erika, Mike, Amy, Greg","Erika, Mike, Amy, Greg",,
162543,1,qual,1627,2013.16,10/29/2013,38.21,,,,,"Erika, Mike, Amy, Greg","Erika, Mike, Amy, Greg",,
170175,1,litu,1702,2013.16,10/29/2013,45.09,,,,,"Erika, Mike, Amy, Greg","Erika, Mike, Amy, Greg",,
170992,1,litu,1704,2013.16,10/29/2013,93.14,,,,,"Erika, Mike, Amy, Greg","Erika, Mike, Amy, Greg",,
170994,1,litu,1704,2013.16,10/29/2013,68.72,,,,,"Erika, Mike, Amy, Greg","Erika, Mike, Amy, Greg",,
171000,1,rops,1705,2013.16,10/29/2013,50.57,,,,,"Erika, Mike, Amy, Greg","Erika, Mike, Amy, Greg",,
171127,1,litu,1705,2013.16,10/29/2013,86.99,,,,,"Erika, Mike, Amy, Greg","Erika, Mike, Amy, Greg",,
171247,1,saal,1707,2013.16,10/29/2013,69.67,,,,,"Erika, Mike, Amy, Greg","Erika, Mike, Amy, Greg",,
171254,1,litu,1708,2013.16,10/29/2013,82.78,,,,,"Erika, Mike, Amy, Greg","Erika, Mike, Amy, Greg",,
171257,1,litu,1708,2013.16,10/29/2013,33.15,,,,,"Erika, Mike, Amy, Greg","Erika, Mike, Amy, Greg",,
171262,1,litu,1708,2013.16,10/29/2013,84.09,,,,,"Erika, Mike, Amy, Greg","Erika, Mike, Amy, Greg",,
171314,1,quru,1712,2013.16,10/29/2013,87.82,,,,,"Erika, Mike, Amy, Greg","Erika, Mike, Amy, Greg",,
171348,1,ceca,1714,2013.16,10/29/2013,52.12,,,,,"Erika, Mike, Amy, Greg","Erika, Mike, Amy, Greg",,
171358,1,fram,1714,2013.16,10/29/2013,64.59,,,,,"Erika, Mike, Amy, Greg","Erika, Mike, Amy, Greg",,
171456,1,acru,1714,2013.16,10/29/2013,18.88,,,,,"Erika, Mike, Amy, Greg","Erika, Mike, Amy, Greg",,
171462,1,qual,1715,2013.16,10/29/2013,88.02,,,,,"Erika, Mike, Amy, Greg","Erika, Mike, Amy, Greg",,
171505,1,litu,1716,2013.16,10/29/2013,94,,,,,"Erika, Mike, Amy, Greg","Erika, Mike, Amy, Greg",,
171506,1,litu,1716,2013.16,10/29/2013,24.68,,,,,"Erika, Mike, Amy, Greg","Erika, Mike, Amy, Greg",,
172154,1,fram,1723,2013.16,10/29/2013,76.6,,,,,"Erika, Mike, Amy, Greg","Erika, Mike, Amy, Greg",,
172201,1,cagl,1717,2013.16,10/29/2013,43.14,,,,,"Erika, Mike, Amy, Greg","Erika, Mike, Amy, Greg",,
172202,1,quru,1717,2013.16,10/29/2013,40.55,,,,,"Erika, Mike, Amy, Greg","Erika, Mike, Amy, Greg",,
172203,1,qual,1717,2013.16,10/29/2013,103.8,,,,,"Erika, Mike, Amy, Greg","Erika, Mike, Amy, Greg",,
172205,1,qual,1717,2013.16,10/29/2013,88,,,,,"Erika, Mike, Amy, Greg","Erika, Mike, Amy, Greg",,
172248,1,cato,1719,2013.16,10/29/2013,20.36,,,,,"Erika, Mike, Amy, Greg","Erika, Mike, Amy, Greg",,
172255,1,qual,1720,2013.16,10/29/2013,41.86,,,,,"Erika, Mike, Amy, Greg","Erika, Mike, Amy, Greg",,
172260,1,qupr,1720,2013.16,10/29/2013,60.76,,,,,"Erika, Mike, Amy, Greg","Erika, Mike, Amy, Greg",,
172365,1,ulru,1722,2013.16,10/29/2013,10.97,,,,,"Erika, Mike, Amy, Greg","Erika, Mike, Amy, Greg",,
172372,1,ulru,1723,2013.16,10/29/2013,34.98,,,,,"Erika, Mike, Amy, Greg","Erika, Mike, Amy, Greg",,
172382,1,juni,1723,2013.16,10/29/2013,20.33,,,,,"Erika, Mike, Amy, Greg","Erika, Mike, Amy, Greg",,
172416,1,nysy,1725,2013.16,10/29/2013,22.55,,,,,"Erika, Mike, Amy, Greg","Erika, Mike, Amy, Greg",,
172417,1,nysy,1725,2013.16,10/29/2013,20.11,,,,,"Erika, Mike, Amy, Greg","Erika, Mike, Amy, Greg",,
172418,1,nysy,1725,2013.16,10/29/2013,32.1,,,,,"Erika, Mike, Amy, Greg","Erika, Mike, Amy, Greg",,
172421,1,cagl,1725,2013.16,10/29/2013,41.01,,,,,"Erika, Mike, Amy, Greg","Erika, Mike, Amy, Greg",,
172423,1,litu,1726,2013.16,10/29/2013,86.95,,,,,"Erika, Mike, Amy, Greg","Erika, Mike, Amy, Greg",,
172470,1,quru,1728,2013.16,10/29/2013,117.97,,,,,"Erika, Mike, Amy, Greg","Erika, Mike, Amy, Greg",,
172472,1,fram,1728,2013.16,10/29/2013,20.18,,,,,"Erika, Mike, Amy, Greg","Erika, Mike, Amy, Greg",,
172499,1,qual,1730,2013.16,10/29/2013,80.76,,,,,"Erika, Mike, Amy, Greg","Erika, Mike, Amy, Greg",,
172509,1,quru,1726,2013.16,10/29/2013,DEAD,,,,,"Erika, Mike, Amy, Greg","Erika, Mike, Amy, Greg",,
172556,1,litu,1729,2013.16,10/29/2013,58.43,,,,,"Erika, Mike, Amy, Greg","Erika, Mike, Amy, Greg",,
172587,1,fram,1731,2013.16,10/29/2013,90.27,,,,,"Erika, Mike, Amy, Greg","Erika, Mike, Amy, Greg",,
172624,1,litu,1731,2013.16,10/29/2013,80.38,,,,,"Erika, Mike, Amy, Greg","Erika, Mike, Amy, Greg",,
172626,1,fram,1731,2013.16,10/29/2013,11.31,,,,,"Erika, Mike, Amy, Greg","Erika, Mike, Amy, Greg",,
180235,1,litu,1802,2013.16,10/29/2013,52.74,,,,,"Erika, Mike, Amy, Greg","Erika, Mike, Amy, Greg",,
180654,1,litu,1805,2013.16,10/29/2013,86.68,,,,,"Erika, Mike, Amy, Greg","Erika, Mike, Amy, Greg",,
180691,1,litu,1807,2013.16,10/29/2013,77.48,,,,,"Erika, Mike, Amy, Greg","Erika, Mike, Amy, Greg",,
180728,1,litu,1804,2013.16,10/29/2013,110.46,,,,,"Erika, Mike, Amy, Greg","Erika, Mike, Amy, Greg",,
180903,1,litu,1808,2013.16,10/29/2013,42.97,,,,,"Erika, Mike, Amy, Greg","Erika, Mike, Amy, Greg",,
180904,1,litu,1808,2013.16,10/29/2013,69.32,,,,,"Erika, Mike, Amy, Greg","Erika, Mike, Amy, Greg",,
180984,1,litu,1813,2013.16,10/29/2013,108.94,,,,,"Erika, Mike, Amy, Greg","Erika, Mike, Amy, Greg",,
180988,3,acru,1813,2013.16,10/29/2013,NA,,,,,"Erika, Mike, Amy, Greg","Erika, Mike, Amy, Greg",,
180991,1,ploc,1814,2013.16,10/29/2013,69.22,,,,,"Erika, Mike, Amy, Greg","Erika, Mike, Amy, Greg",,
181030,1,qual,1816,2013.16,10/29/2013,60.77,,,,,"Erika, Mike, Amy, Greg","Erika, Mike, Amy, Greg",,
181033,1,litu,1816,2013.16,10/29/2013,52.02,,,,,"Erika, Mike, Amy, Greg","Erika, Mike, Amy, Greg",,
182161,1,fram,1822,2013.16,10/29/2013,57.74,,,,,"Erika, Mike, Amy, Greg","Erika, Mike, Amy, Greg",,
182207,1,qual,1817,2013.16,10/29/2013,77.76,,,,,"Erika, Mike, Amy, Greg","Erika, Mike, Amy, Greg",,
182208,1,quru,1817,2013.16,10/29/2013,129.87,,,,,"Erika, Mike, Amy, Greg","Erika, Mike, Amy, Greg",,
182248,1,nysy,1820,2013.16,10/29/2013,34.32,,,,,"Erika, Mike, Amy, Greg","Erika, Mike, Amy, Greg",,
182376,1,ploc,1823,2013.16,10/29/2013,83.59,,,,,"Erika, Mike, Amy, Greg","Erika, Mike, Amy, Greg",,
182451,1,fram,1829,2013.16,10/29/2013,60.43,,,,,"Erika, Mike, Amy, Greg","Erika, Mike, Amy, Greg",,
182491,1,litu,1831,2013.16,10/29/2013,91.82,,,,,"Erika, Mike, Amy, Greg","Erika, Mike, Amy, Greg",,
182498,1,fram,1831,2013.16,10/29/2013,16.28,,,,,"Erika, Mike, Amy, Greg","Erika, Mike, Amy, Greg",,
182570,1,juni,1822,2013.16,10/29/2013,38.57,,,,,"Erika, Mike, Amy, Greg","Erika, Mike, Amy, Greg",,
182681,1,litu,1829,2013.16,10/29/2013,78.95,,,,,"Erika, Mike, Amy, Greg","Erika, Mike, Amy, Greg",,
182693,1,litu,1830,2013.16,10/29/2013,124.48,,,,,"Erika, Mike, Amy, Greg","Erika, Mike, Amy, Greg",,
190065,1,litu,1902,2013.16,10/29/2013,90.49,,,,,"Erika, Mike, Amy, Greg","Erika, Mike, Amy, Greg",,
190067,1,litu,1902,2013.16,10/29/2013,56.16,,,,,"Erika, Mike, Amy, Greg","Erika, Mike, Amy, Greg",,
190071,1,litu,1902,2013.16,10/29/2013,38.31,,,,,"Erika, Mike, Amy, Greg","Erika, Mike, Amy, Greg",,
190115,1,litu,1902,2013.16,10/29/2013,137.16,,,,,"Erika, Mike, Amy, Greg","Erika, Mike, Amy, Greg",,
190413,1,litu,1904,2013.16,10/29/2013,102.4,,,,,"Erika, Mike, Amy, Greg","Erika, Mike, Amy, Greg",,
190426,1,litu,1904,2013.16,10/29/2013,87.31,,,,,"Erika, Mike, Amy, Greg","Erika, Mike, Amy, Greg",,
190429,1,litu,1904,2013.16,10/29/2013,74.84,,,,,"Erika, Mike, Amy, Greg","Erika, Mike, Amy, Greg",,
190568,1,juni,1912,2013.16,10/29/2013,31.27,,,,,"Erika, Mike, Amy, Greg","Erika, Mike, Amy, Greg",,
190655,1,litu,1907,2013.16,10/29/2013,24.61,,,,,"Erika, Mike, Amy, Greg","Erika, Mike, Amy, Greg",,
190658,1,litu,1907,2013.16,10/29/2013,8.57,,,,,"Erika, Mike, Amy, Greg","Erika, Mike, Amy, Greg",,
190670,1,litu,1908,2013.16,10/29/2013,24.64,,,,,"Erika, Mike, Amy, Greg","Erika, Mike, Amy, Greg",,
190694,1,quru,1909,2013.16,10/29/2013,43.33,,,,,"Erika, Mike, Amy, Greg","Erika, Mike, Amy, Greg",,
190793,1,litu,1914,2013.16,10/29/2013,54.66,,,,,"Erika, Mike, Amy, Greg","Erika, Mike, Amy, Greg",,
190794,1,quru,1914,2013.16,10/29/2013,44.94,,,,,"Erika, Mike, Amy, Greg","Erika, Mike, Amy, Greg",,
190798,1,cagl,1914,2013.16,10/29/2013,24.59,,,,,"Erika, Mike, Amy, Greg","Erika, Mike, Amy, Greg",,
190834,1,quve,1916,2013.16,10/29/2013,DEAD,,,,,"Erika, Mike, Amy, Greg","Erika, Mike, Amy, Greg",,
190835,1,litu,1916,2013.16,10/29/2013,103.68,,,,,"Erika, Mike, Amy, Greg","Erika, Mike, Amy, Greg",,
190838,1,quru,1916,2013.16,10/29/2013,80.92,,,,,"Erika, Mike, Amy, Greg","Erika, Mike, Amy, Greg",,
190840,1,litu,1916,2013.16,10/29/2013,27.4,,,,,"Erika, Mike, Amy, Greg","Erika, Mike, Amy, Greg",,
190935,1,quru,1916,2013.16,10/29/2013,44.67,,,,,"Erika, Mike, Amy, Greg","Erika, Mike, Amy, Greg",,
192008,1,qual,1917,2013.16,10/29/2013,59.17,,,,,"Erika, Mike, Amy, Greg","Erika, Mike, Amy, Greg",,
192055,1,qual,1919,2013.16,10/29/2013,70.53,,,,,"Erika, Mike, Amy, Greg","Erika, Mike, Amy, Greg",,
192062,1,qupr,1920,2013.16,10/29/2013,25.33,,,,,"Erika, Mike, Amy, Greg","Erika, Mike, Amy, Greg",,
192064,1,qupr,1920,2013.16,10/29/2013,61.04,,,,,"Erika, Mike, Amy, Greg","Erika, Mike, Amy, Greg",,
192110,1,cato,1922,2013.16,10/29/2013,34.07,,,,,"Erika, Mike, Amy, Greg","Erika, Mike, Amy, Greg",,
192133,1,caovl,1923,2013.16,10/29/2013,99.89,,,,,"Erika, Mike, Amy, Greg","Erika, Mike, Amy, Greg",,
192244,1,qual,1919,2013.16,10/29/2013,114.81,,,,,"Erika, Mike, Amy, Greg","Erika, Mike, Amy, Greg",,
192437,1,litu,1925,2013.16,10/29/2013,106.89,,,,,"Erika, Mike, Amy, Greg","Erika, Mike, Amy, Greg",,
192466,1,quru,1926,2013.16,10/29/2013,116.34,,,,,"Erika, Mike, Amy, Greg","Erika, Mike, Amy, Greg",,
192484,1,quru,1926,2013.16,10/29/2013,133.86,,,,,"Erika, Mike, Amy, Greg","Erika, Mike, Amy, Greg",,
192527,1,litu,1928,2013.16,10/29/2013,33.25,,,,,"Erika, Mike, Amy, Greg","Erika, Mike, Amy, Greg",,
192528,1,litu,1928,2013.16,10/29/2013,87.81,,,,,"Erika, Mike, Amy, Greg","Erika, Mike, Amy, Greg",,
192532,1,fagr,1928,2013.16,10/29/2013,54.48,,,,,"Erika, Mike, Amy, Greg","Erika, Mike, Amy, Greg",,
192533,1,litu,1928,2013.16,10/29/2013,104.61,,,,,"Erika, Mike, Amy, Greg","Erika, Mike, Amy, Greg",,
192534,1,litu,1928,2013.16,10/29/2013,58.8,,,,,"Erika, Mike, Amy, Greg","Erika, Mike, Amy, Greg",,
192542,1,litu,1929,2013.16,10/29/2013,45.52,,,,,"Erika, Mike, Amy, Greg","Erika, Mike, Amy, Greg",,
192543,1,litu,1929,2013.16,10/29/2013,119.91,,,,,"Erika, Mike, Amy, Greg","Erika, Mike, Amy, Greg",,
192544,1,litu,1929,2013.16,10/29/2013,53.53,,,,,"Erika, Mike, Amy, Greg","Erika, Mike, Amy, Greg",,
192546,1,litu,1929,2013.16,10/29/2013,42.64,,,,,"Erika, Mike, Amy, Greg","Erika, Mike, Amy, Greg",,
192548,1,litu,1929,2013.16,10/29/2013,52.63,,,,,"Erika, Mike, Amy, Greg","Erika, Mike, Amy, Greg",,
192560,1,qual,1930,2013.16,10/29/2013,49.63,,,,,"Erika, Mike, Amy, Greg","Erika, Mike, Amy, Greg",,
192570,1,fram,1931,2013.16,10/29/2013,75.56,,,,,"Erika, Mike, Amy, Greg","Erika, Mike, Amy, Greg",,
192619,1,quru,1926,2013.16,10/29/2013,52.19,,,,,"Erika, Mike, Amy, Greg","Erika, Mike, Amy, Greg",,
192674,1,litu,1929,2013.16,10/29/2013,79.84,,,,,"Erika, Mike, Amy, Greg","Erika, Mike, Amy, Greg",,
200038,1,litu,2001,2013.16,10/29/2013,29.57,,,,,"Erika, Mike, Amy, Greg","Erika, Mike, Amy, Greg",,
200038,2,litu,2001,2013.16,10/29/2013,25.96,,,,,"Erika, Mike, Amy, Greg","Erika, Mike, Amy, Greg",,
200142,1,litu,2002,2013.16,10/29/2013,59.13,,,,,"Erika, Mike, Amy, Greg","Erika, Mike, Amy, Greg",,
200151,1,litu,2002,2013.16,10/29/2013,74.48,,,,,"Erika, Mike, Amy, Greg","Erika, Mike, Amy, Greg",,
200547,1,litu,2005,2013.16,10/29/2013,73.28,,,,,"Erika, Mike, Amy, Greg","Erika, Mike, Amy, Greg",,
200551,1,litu,2005,2013.16,10/29/2013,56.76,,,,,"Erika, Mike, Amy, Greg","Erika, Mike, Amy, Greg",,
200553,1,litu,2005,2013.16,10/29/2013,52.78,,,,,"Erika, Mike, Amy, Greg","Erika, Mike, Amy, Greg",,
200577,1,juni,2007,2013.16,10/29/2013,11.66,,,,,"Erika, Mike, Amy, Greg","Erika, Mike, Amy, Greg",,
200586,1,juni,2007,2013.16,10/29/2013,98.46,,,,,"Erika, Mike, Amy, Greg","Erika, Mike, Amy, Greg",,
200613,1,litu,2004,2013.16,10/29/2013,109.04,,,,,"Erika, Mike, Amy, Greg","Erika, Mike, Amy, Greg",,
200676,1,litu,2008,2013.16,10/29/2013,74.16,,,,,"Erika, Mike, Amy, Greg","Erika, Mike, Amy, Greg",,
200812,1,juni,2008,2013.16,10/29/2013,27.42,,,,,"Erika, Mike, Amy, Greg","Erika, Mike, Amy, Greg",,
200818,1,litu,2008,2013.16,10/29/2013,29.98,,,,,"Erika, Mike, Amy, Greg","Erika, Mike, Amy, Greg",,
200822,1,litu,2008,2013.16,10/29/2013,118.08,,,,,"Erika, Mike, Amy, Greg","Erika, Mike, Amy, Greg",,
201207,1,litu,2012,2013.16,10/29/2013,130.51,,,,,"Erika, Mike, Amy, Greg","Erika, Mike, Amy, Greg",,
201208,1,fram,2011,2013.16,10/29/2013,DEAD,,,,,"Erika, Mike, Amy, Greg","Erika, Mike, Amy, Greg",,
201248,1,fram,2013,2013.16,10/29/2013,16.31,,,,,"Erika, Mike, Amy, Greg","Erika, Mike, Amy, Greg",,
201252,1,caco,2013,2013.16,10/29/2013,DEAD,,,,,"Erika, Mike, Amy, Greg","Erika, Mike, Amy, Greg",,
201261,1,juni,2013,2013.16,10/29/2013,113.34,,,,,"Erika, Mike, Amy, Greg","Erika, Mike, Amy, Greg",,
201263,1,ulru,2013,2013.16,10/29/2013,10.42,,,,,"Erika, Mike, Amy, Greg","Erika, Mike, Amy, Greg",,
201264,1,litu,2014,2013.16,10/29/2013,110.09,,,,,"Erika, Mike, Amy, Greg","Erika, Mike, Amy, Greg",,
201274,1,litu,2014,2013.16,10/29/2013,111.87,,,,,"Erika, Mike, Amy, Greg","Erika, Mike, Amy, Greg",,
201278,1,litu,2014,2013.16,10/29/2013,75.35,,,,,"Erika, Mike, Amy, Greg","Erika, Mike, Amy, Greg",,
201279,1,quru,2014,2013.16,10/29/2013,74.24,,,,,"Erika, Mike, Amy, Greg","Erika, Mike, Amy, Greg",,
201432,1,quve,2016,2013.16,10/29/2013,110.41,,,,,"Erika, Mike, Amy, Greg","Erika, Mike, Amy, Greg",,
201441,1,litu,2016,2013.16,10/29/2013,95.63,,,,,"Erika, Mike, Amy, Greg","Erika, Mike, Amy, Greg",,
202050,1,qual,2019,2013.16,10/29/2013,91.77,,,,,"Erika, Mike, Amy, Greg","Erika, Mike, Amy, Greg",,
202072,1,qual,2020,2013.16,10/29/2013,108.72,,,,,"Erika, Mike, Amy, Greg","Erika, Mike, Amy, Greg",,
202118,1,quve,2023,2013.16,10/29/2013,44.72,,,,,"Erika, Mike, Amy, Greg","Erika, Mike, Amy, Greg",,
202201,1,cato,2017,2013.16,10/29/2013,19.51,,,,,"Erika, Mike, Amy, Greg","Erika, Mike, Amy, Greg",,
202203,1,quru,2017,2013.16,10/29/2013,49.26,,,,,"Erika, Mike, Amy, Greg","Erika, Mike, Amy, Greg",,
202212,1,quve,2017,2013.16,10/29/2013,7.43,,,,,"Erika, Mike, Amy, Greg","Erika, Mike, Amy, Greg",,
202215,1,qual,2017,2013.16,10/29/2013,58.31,,,,,"Erika, Mike, Amy, Greg","Erika, Mike, Amy, Greg",,
202283,1,litu,2020,2013.16,10/29/2013,54.53,,,,,"Erika, Mike, Amy, Greg","Erika, Mike, Amy, Greg",,
202336,1,cagl,2022,2013.16,10/29/2013,113.36,,,,,"Erika, Mike, Amy, Greg","Erika, Mike, Amy, Greg",,
202337,1,cagl,2023,2013.16,10/29/2013,126.64,,,,,"Erika, Mike, Amy, Greg","Erika, Mike, Amy, Greg",,
202444,1,litu,2025,2013.16,10/29/2013,28.06,,,,,"Erika, Mike, Amy, Greg","Erika, Mike, Amy, Greg",,
202449,1,litu,2026,2013.16,10/29/2013,42.14,,,,,"Erika, Mike, Amy, Greg","Erika, Mike, Amy, Greg",,
202536,1,fram,2028,2013.16,10/29/2013,111.53,,,,,"Erika, Mike, Amy, Greg","Erika, Mike, Amy, Greg",,
202541,1,fram,2028,2013.16,10/29/2013,68.56,,,,,"Erika, Mike, Amy, Greg","Erika, Mike, Amy, Greg",,
202543,1,litu,2028,2013.16,10/29/2013,38.07,,,,,"Erika, Mike, Amy, Greg","Erika, Mike, Amy, Greg",,
202545,1,litu,2029,2013.16,10/29/2013,56.59,,,,,"Erika, Mike, Amy, Greg","Erika, Mike, Amy, Greg",,
202550,1,litu,2029,2013.16,10/29/2013,59.02,,,,,"Erika, Mike, Amy, Greg","Erika, Mike, Amy, Greg",,
202581,1,fram,2031,2013.16,10/29/2013,45.52,,,,,"Erika, Mike, Amy, Greg","Erika, Mike, Amy, Greg",,
202584,1,fram,2031,2013.16,10/29/2013,2.62,,,,,"Erika, Mike, Amy, Greg","Erika, Mike, Amy, Greg",,
202585,1,juni,2032,2013.16,10/29/2013,97.21,,,,,"Erika, Mike, Amy, Greg","Erika, Mike, Amy, Greg",,
202586,1,fram,2032,2013.16,10/29/2013,132.41,,,,,"Erika, Mike, Amy, Greg","Erika, Mike, Amy, Greg",,
202671,1,litu,2025,2013.16,10/29/2013,25.83,,,,,"Erika, Mike, Amy, Greg","Erika, Mike, Amy, Greg",,
202971,1,fram,2032,2013.16,10/29/2013,71.94,,,,,"Erika, Mike, Amy, Greg","Erika, Mike, Amy, Greg",,
